DOMAIN,IP,LAST_RESOLVED,ALTERNATIVE_DOMAIN
pool.minexmr.com,37.59.43.136,2015-02-12,adanex.de
pool.minexmr.com,37.59.43.136,2014-08-27,cross-quad.de
pool.minexmr.com,37.59.43.136,2017-10-22,dj.djm4ster.com
pool.minexmr.com,37.59.43.136,2017-11-29,dpool.conectionapis.com
pool.minexmr.com,37.59.43.136,2017-12-18,fr.minexmr.com
pool.minexmr.com,37.59.43.136,2016-10-28,impex-shop.com
pool.minexmr.com,37.59.43.136,2017-11-09,ns399296.ip-37-59-43.eu
pool.minexmr.com,37.59.43.136,2017-10-16,pool.usa-138.com
pool.minexmr.com,37.59.43.136,2016-06-04,quad-center-saar.de
pool.minexmr.com,37.59.43.136,2014-12-18,www.adanex.de
pool.minexmr.com,37.59.43.136,2014-06-03,www.cross-quad.de
pool.minexmr.com,37.59.43.136,2017-09-21,www.ddos168.com
pool.minexmr.com,37.59.43.136,2016-06-13,www.quad-center-saar.de
pool.minexmr.com,37.59.43.136,2018-02-06,bulletpool.ru
pool.minexmr.com,37.59.43.136,2018-03-19,pool.minexmr1.com
pool.minexmr.com,37.59.43.136,2018-06-18,a.wxkuangji.com
pool.minexmr.com,37.59.43.136,2018-01-21,go.cloudns.cc
pool.minexmr.com,37.59.43.136,2018-06-16,liang.alibuf.com
pool.minexmr.com,37.59.43.136,2018-05-14,pool.minexmr.to
pool.minexmr.com,37.59.43.136,2018-05-16,pool2.minexmr1.com
pool.minexmr.com,37.59.43.136,2018-04-25,r0cav.com
pool.minexmr.com,37.59.43.136,2018-05-30,thanks.kiss58.org
pool.minexmr.com,37.59.43.136,2018-05-31,tt.xuwupiaomiao.info
pool.minexmr.com,37.59.43.136,2018-06-13,v7.1392010.net
pool.minexmr.com,37.59.43.136,2018-06-12,v7.krbpool.com
pool.minexmr.com,37.59.43.136,2018-06-08,wwe.xuwupiaomiao.info
pool.minexmr.com,37.59.43.136,2018-06-19,x.alibuf.com
pool.minexmr.com,37.59.43.136,2018-03-20,xmr.honker.info
pool.minexmr.com,37.59.43.136,2018-05-23,xmr.opmoner.com
pool.minexmr.com,37.59.43.136,2018-06-19,xmr.usa-138.com
pool.minexmr.com,37.59.43.136,2018-04-22,xmr1.shin3366.cc
pool.minexmr.com,37.59.43.136,2018-05-31,xmrlinux.shin3366.cc
pool.minexmr.com,37.59.43.136,2018-06-09,xt.freebuf.info
pool.minexmr.com,176.9.53.68,2012-12-24,busandfly.com
pool.minexmr.com,176.9.53.68,2016-07-03,glob-games.com
pool.minexmr.com,176.9.53.68,2016-07-07,ludmila-reisen.de
pool.minexmr.com,176.9.53.68,2014-05-24,www.aflam-tube.com
pool.minexmr.com,176.9.53.68,2015-11-26,www.ludmila-reisen.de
pool.minexmr.com,176.9.53.68,2018-03-19,bulletpool.ru
pool.minexmr.com,176.9.53.68,2018-04-27,xmr.usa-138.com
pool.minexmr.com,176.9.53.68,2018-06-22,emergency.kiss58.org
pool.minexmr.com,176.9.50.126,2018-02-06,bulletpool.ru
pool.minexmr.com,176.9.50.126,2018-04-27,x.alibuf.com
pool.minexmr.com,176.9.50.126,2018-06-15,xmr.honker.info
pool.minexmr.com,78.46.89.102,2018-02-06,bulletpool.ru
pool.minexmr.com,78.46.89.102,2018-04-21,lmine.super1024.com
pool.minexmr.com,37.59.44.193,2018-02-06,bulletpool.ru
pool.minexmr.com,178.63.48.196,2018-02-06,bulletpool.ru
pool.minexmr.com,178.63.48.196,2018-03-19,dpool.conectionapis.com
pool.minexmr.com,178.63.48.196,2018-03-19,pool.minexmr.to
pool.minexmr.com,37.59.45.174,2015-02-08,entre-gens.com
pool.minexmr.com,37.59.45.174,2015-02-22,artetterre.com
pool.minexmr.com,37.59.45.174,2018-02-24,lmine.super1024.com
pool.minexmr.com,37.59.45.174,2018-03-19,xmr.usa-138.com
pool.minexmr.com,37.59.45.174,2018-02-06,bulletpool.ru
pool.minexmr.com,37.59.45.174,2016-05-10,abcs-spain.com
pool.minexmr.com,37.59.45.174,2016-09-14,afps06.org
pool.minexmr.com,37.59.45.174,2014-09-17,akada-wadoryu.com
pool.minexmr.com,37.59.45.174,2015-09-04,alainsteck.fr
pool.minexmr.com,37.59.45.174,2015-09-04,almorcenx.fr
pool.minexmr.com,37.59.45.174,2017-01-06,ambulance-challandaise.com
pool.minexmr.com,37.59.45.174,2015-08-30,andrebondet.com
pool.minexmr.com,37.59.45.174,2014-12-13,antensat.com
pool.minexmr.com,37.59.45.174,2015-09-04,apprends-moi-le-paysage.fr
pool.minexmr.com,37.59.45.174,2015-08-14,arbf.eu
pool.minexmr.com,37.59.45.174,2015-03-24,atelier-donogues.fr
pool.minexmr.com,37.59.45.174,2016-05-01,atelier-du-nettoyage.fr
pool.minexmr.com,37.59.45.174,2015-06-26,aur1.fr
pool.minexmr.com,37.59.45.174,2015-01-13,bcc-cobras.org
pool.minexmr.com,37.59.45.174,2015-12-06,biodiversite-amazonienne.com
pool.minexmr.com,37.59.45.174,2015-09-10,brigitte-mathon.com
pool.minexmr.com,37.59.45.174,2015-12-06,bussonnais.com
pool.minexmr.com,37.59.45.174,2014-03-11,catpassemploi.org
pool.minexmr.com,37.59.45.174,2015-09-04,cercledesamson.fr
pool.minexmr.com,37.59.45.174,2016-03-19,cetipabio.com
pool.minexmr.com,37.59.45.174,2016-12-08,chambre-hotes-boucheron.com
pool.minexmr.com,37.59.45.174,2016-01-27,clefdessonges.com
pool.minexmr.com,37.59.45.174,2016-11-08,com-lj.com
pool.minexmr.com,37.59.45.174,2016-06-19,cpbbreqfootv1.com
pool.minexmr.com,37.59.45.174,2015-12-19,cpbbrequignyfoot.com
pool.minexmr.com,37.59.45.174,2016-03-23,crozma.com
pool.minexmr.com,37.59.45.174,2015-09-04,cuisines-coppola.fr
pool.minexmr.com,37.59.45.174,2015-12-03,dastum44.net
pool.minexmr.com,37.59.45.174,2014-11-25,davveld.com
pool.minexmr.com,37.59.45.174,2017-10-22,dj.djm4ster.com
pool.minexmr.com,37.59.45.174,2017-11-29,dpool.conectionapis.com
pool.minexmr.com,37.59.45.174,2015-09-04,dubillot.fr
pool.minexmr.com,37.59.45.174,2015-12-07,dubleudazur.com
pool.minexmr.com,37.59.45.174,2015-11-12,ecole-massabielle.net
pool.minexmr.com,37.59.45.174,2015-09-04,epms-laclairiere.fr
pool.minexmr.com,37.59.45.174,2015-09-10,ftp.clefdessonges.com
pool.minexmr.com,37.59.45.174,2015-09-04,greca.fr
pool.minexmr.com,37.59.45.174,2016-07-27,groupegeorge.info
pool.minexmr.com,37.59.45.174,2015-11-28,guediawaye.org
pool.minexmr.com,37.59.45.174,2014-07-09,hossen.fr
pool.minexmr.com,37.59.45.174,2015-12-08,hypnose-caen.com
pool.minexmr.com,37.59.45.174,2014-09-16,icon-network.org
pool.minexmr.com,37.59.45.174,2015-02-05,idea-toulouse.fr
pool.minexmr.com,37.59.45.174,2015-12-20,indietronica.com
pool.minexmr.com,37.59.45.174,2016-07-09,interpretationdesreves-encyclopedie.com
pool.minexmr.com,46.105.103.169,2014-03-07,adgoog.com
pool.minexmr.com,46.105.103.169,2014-03-11,byd.fr
pool.minexmr.com,46.105.103.169,2015-12-08,idfauto.com
pool.minexmr.com,46.105.103.169,2014-10-15,mail.adgoog.com
pool.minexmr.com,46.105.103.169,2016-03-09,mail.idfauto.com
pool.minexmr.com,46.105.103.169,2016-03-09,mail.miseauto.com
pool.minexmr.com,46.105.103.169,2016-03-09,mail.rover.fr
pool.minexmr.com,46.105.103.169,2016-03-09,mail.sci-saga.com
pool.minexmr.com,46.105.103.169,2016-03-09,mail.thekingdiscount.com
pool.minexmr.com,46.105.103.169,2015-12-21,miseauto.com
pool.minexmr.com,46.105.103.169,2014-11-25,pierredarmon-historien.com
pool.minexmr.com,46.105.103.169,2016-03-09,pop3.idfauto.com
pool.minexmr.com,46.105.103.169,2016-03-09,pop3.miseauto.com
pool.minexmr.com,46.105.103.169,2016-03-09,pop3.rover.fr
pool.minexmr.com,46.105.103.169,2015-09-04,rover.fr
pool.minexmr.com,46.105.103.169,2016-04-14,sci-saga.com
pool.minexmr.com,46.105.103.169,2016-03-09,smtp.idfauto.com
pool.minexmr.com,46.105.103.169,2016-03-09,smtp.miseauto.com
pool.minexmr.com,46.105.103.169,2016-03-09,smtp.rover.fr
pool.minexmr.com,46.105.103.169,2016-04-14,thekingdiscount.com
pool.minexmr.com,46.105.103.169,2014-03-04,www.adgoog.com
pool.minexmr.com,46.105.103.169,2014-03-17,www.eurowebcar.com
pool.minexmr.com,46.105.103.169,2016-04-22,www.idfauto.com
pool.minexmr.com,46.105.103.169,2014-02-25,www.miseauto.com
pool.minexmr.com,46.105.103.169,2014-03-29,www.mises-aux-encheres.org
pool.minexmr.com,46.105.103.169,2014-03-17,www.rover.fr
pool.minexmr.com,46.105.103.169,2016-08-31,ns383264.ovh.net
pool.minexmr.com,46.105.103.169,2016-08-29,demonfire.cf
pool.minexmr.com,46.105.103.169,2016-08-23,nightmc.cf
pool.minexmr.com,46.105.103.169,2016-08-12,ns383264.ip-46-105-103.eu
pool.minexmr.com,46.105.103.169,2017-09-27,bcc.appel86.org
pool.minexmr.com,46.105.103.169,2018-06-15,xt.freebuf.info
pool.minexmr.com,46.105.103.169,2018-06-27,a.wxkuangji.com
pool.minexmr.com,37.59.55.60,2015-01-01,avenirdespixels.net
pool.minexmr.com,37.59.55.60,2015-01-23,cheznous.coop
pool.minexmr.com,37.59.55.60,2014-11-03,concertations.cheznous.coop
pool.minexmr.com,37.59.55.60,2015-09-15,futureofpixels.net
pool.minexmr.com,37.59.55.60,2015-06-12,lekovilaz.org
pool.minexmr.com,37.59.55.60,2017-10-16,pool.usa-138.com
pool.minexmr.com,37.59.55.60,2016-03-21,quoimaligne.info
pool.minexmr.com,37.59.55.60,2014-09-22,transports-en-commun.info
pool.minexmr.com,37.59.55.60,2017-11-24,www.ddos168.com
pool.minexmr.com,37.59.55.60,2014-09-22,www.transports-en-commun.info
pool.minexmr.com,37.59.55.60,2018-03-19,dj.djm4ster.com
pool.minexmr.com,37.59.55.60,2018-06-15,a.wxkuangji.com
pool.minexmr.com,37.59.55.60,2018-07-09,xmr.opmoner.com
pool.minexmr.com,94.23.41.130,2017-11-02,lmine.super1024.com
pool.minexmr.com,94.23.41.130,2018-03-19,pool.usa-138.com
pool.minexmr.com,94.23.41.130,2018-02-06,bulletpool.ru
pool.minexmr.com,94.23.41.130,2018-07-11,xmr1.shin3366.cc
pool.minexmr.com,37.59.51.212,2018-01-10,xmr1.shin3366.cc
pool.minexmr.com,37.59.43.131,2018-07-18,xmr.usa-138.com
pool.minexmr.com,94.130.206.79,2018-02-13,lmine.super1024.com
pool.minexmr.com,94.130.206.79,2018-02-06,bulletpool.ru
pool.minexmr.com,94.130.206.79,2018-03-19,www.ddos168.com
pool.minexmr.com,94.130.206.79,2018-02-12,go.cloudns.cc
pool.minexmr.com,94.130.206.79,2018-03-18,x.alibuf.com
pool.minexmr.com,94.130.206.79,2018-03-19,xmr.usa-138.com
pool.minexmr.com,94.130.206.79,2018-04-27,pool.minexmr.to
pool.minexmr.com,94.130.206.79,2018-04-27,static.79.206.130.94.clients.your-server.de
pool.minexmr.com,94.130.206.79,2018-04-16,download.7u8i9o0p.com.
pool.minexmr.com,94.130.206.79,2018-04-16,google.7u8i9o0p.com.
pool.minexmr.com,94.130.206.79,2018-04-16,lm.super1024.com.
pool.minexmr.com,94.130.206.79,2018-05-01,mine7.12finance.com
pool.minexmr.com,94.130.206.79,2018-04-25,r0cav.com
pool.minexmr.com,94.130.206.79,2018-03-22,tt.xuwupiaomiao.info
pool.minexmr.com,94.130.206.79,2018-04-13,www.bs444.co
pool.minexmr.com,94.130.206.79,2018-03-20,xmr.honker.info
pool.minexmr.com,94.130.206.79,2018-04-22,xmr1.shin3366.cc
pool.minexmr.com,94.130.206.79,2018-04-25,xt.freebuf.info
pool.minexmr.com,94.130.206.79,2018-06-15,liang.alibuf.com
pool.minexmr.com,91.121.87.10,2017-09-05,pool.minexmr1.com
pool.minexmr.com,91.121.87.10,2017-10-16,pool.usa-138.com
pool.minexmr.com,91.121.87.10,2017-08-22,xmr1.shin3366.cc
pool.minexmr.com,91.121.87.10,2018-01-26,ns3012813.ip-91-121-87.eu
pool.minexmr.com,91.121.87.10,2018-02-06,bulletpool.ru
pool.minexmr.com,91.121.87.10,2018-05-21,a.wxkuangji.com
pool.minexmr.com,91.121.87.10,2017-10-22,dj.djm4ster.com
pool.minexmr.com,91.121.87.10,2018-04-16,download.7u8i9o0p.com.
pool.minexmr.com,91.121.87.10,2017-11-29,dpool.conectionapis.com
pool.minexmr.com,91.121.87.10,2018-04-16,google.7u8i9o0p.com.
pool.minexmr.com,91.121.87.10,2018-05-21,liang.alibuf.com
pool.minexmr.com,91.121.87.10,2018-04-16,lm.super1024.com.
pool.minexmr.com,91.121.87.10,2018-05-14,pool.minexmr.to
pool.minexmr.com,91.121.87.10,2018-05-16,pool2.minexmr1.com
pool.minexmr.com,91.121.87.10,2018-04-25,r0cav.com
pool.minexmr.com,91.121.87.10,2018-05-30,thanks.kiss58.org
pool.minexmr.com,91.121.87.10,2018-05-31,tt.xuwupiaomiao.info
pool.minexmr.com,91.121.87.10,2018-06-04,v7.1392010.net
pool.minexmr.com,91.121.87.10,2018-04-13,www.bs444.co
pool.minexmr.com,91.121.87.10,2018-03-30,www.ddos168.com
pool.minexmr.com,91.121.87.10,2018-03-18,x.alibuf.com
pool.minexmr.com,91.121.87.10,2017-11-14,xmr.appel86.org
pool.minexmr.com,91.121.87.10,2018-03-20,xmr.honker.info
pool.minexmr.com,91.121.87.10,2018-05-23,xmr.opmoner.com
pool.minexmr.com,91.121.87.10,2018-05-31,xmr.usa-138.com
pool.minexmr.com,91.121.87.10,2018-05-31,xmrlinux.shin3366.cc
pool.minexmr.com,91.121.87.10,2018-05-19,xt.freebuf.info
pool.minexmr.com,91.121.87.10,2018-06-18,emergency.kiss58.org
pool.minexmr.com,37.187.154.79,2015-04-29,adlooxtracking.com
pool.minexmr.com,37.187.154.79,2014-11-14,data01.adlooxtracking.com
pool.minexmr.com,37.187.154.79,2015-04-28,data02.adlooxtracking.com
pool.minexmr.com,37.187.154.79,2015-04-20,data03.adlooxtracking.com
pool.minexmr.com,37.187.154.79,2014-11-26,data06.adlooxtracking.com
pool.minexmr.com,37.187.154.79,2014-08-07,data124.adlooxtracking.com
pool.minexmr.com,37.187.154.79,2015-02-27,data32.adlooxtracking.com
pool.minexmr.com,37.187.154.79,2017-12-05,lmine.super1024.com
pool.minexmr.com,37.187.154.79,2018-06-25,emergency.kiss58.org
pool.minexmr.com,78.46.91.134,2015-02-05,triathlon.de
pool.minexmr.com,78.46.91.134,2014-08-04,aquaman.triathlon.de
pool.minexmr.com,78.46.91.134,2017-11-29,dpool.conectionapis.com
pool.minexmr.com,78.46.91.134,2017-12-16,liang.alibuf.com
pool.minexmr.com,78.46.91.134,2015-11-25,screensaver.triathlon.de
pool.minexmr.com,78.46.91.134,2014-08-07,shop.triathlon.de
pool.minexmr.com,78.46.91.134,2015-11-25,sponsoring.triathlon.de
pool.minexmr.com,78.46.91.134,2014-10-20,training.triathlon.de
pool.minexmr.com,78.46.91.134,2017-12-16,typostats.com
pool.minexmr.com,78.46.91.134,2015-04-01,typostats.de
pool.minexmr.com,78.46.91.134,2015-05-13,www.typostats.com
pool.minexmr.com,78.46.91.134,2015-04-01,www.typostats.de
pool.minexmr.com,78.46.91.134,2018-02-06,bulletpool.ru
pool.minexmr.com,78.46.91.134,2018-04-24,www.ddos168.com
pool.minexmr.com,78.46.91.134,2018-06-15,xmr.opmoner.com
xmr.crypto-pool.fr,163.172.226.218,2017-11-25,xmrf.520fjh.org
xmr.crypto-pool.fr,163.172.207.69,2017-12-22,xmrf.fjhan.club
xmr.crypto-pool.fr,163.172.207.69,2018-05-05,xmr.ip28.net
xmr.crypto-pool.fr,163.172.207.69,2018-07-25,520fjh.org
xmr.crypto-pool.fr,163.172.207.69,2018-07-27,p9130.f3322.net
xmr.crypto-pool.fr,163.172.226.120,2018-01-20,xmrf.fjhan.club
xmr.crypto-pool.fr,163.172.207.198,2018-02-12,xmrf.fjhan.club
xmr.crypto-pool.fr,163.172.207.198,2018-03-19,xmrf.520fjh.org
xmr.crypto-pool.fr,163.172.207.198,2018-04-22,pool.4i7i.com
xmr.crypto-pool.fr,163.172.207.198,2018-04-04,www.weoqieqwuishdwuygqw.com
xmr.crypto-pool.fr,163.172.207.198,2017-12-10,x.alibuf.com
xmr.crypto-pool.fr,163.172.207.198,2018-03-26,xmr.crypto-pool.info
xmr.crypto-pool.fr,163.172.207.198,2018-05-01,xmr.ip28.net
xmr.crypto-pool.fr,163.172.207.198,2018-04-18,xmr.simka.pw
xmr.crypto-pool.fr,163.172.207.198,2018-05-14,fjhan.club
xmr.crypto-pool.fr,163.172.207.198,2018-07-13,etc.freebuf.info
xmr.crypto-pool.fr,163.172.205.136,2018-02-19,xmrf.fjhan.club
xmr.crypto-pool.fr,163.172.205.136,2018-04-11,mro.51btc.mobi
xmr.crypto-pool.fr,163.172.205.136,2018-06-09,xmr.crypto-pool.info
xmr.crypto-pool.fr,163.172.226.114,2017-10-24,xmrf.520fjh.org
xmr.crypto-pool.fr,163.172.226.137,2018-02-09,xmrf.fjhan.club
xmr.crypto-pool.fr,163.172.226.137,2018-07-01,xmrf.520fjh.org
xmr.crypto-pool.fr,163.172.226.137,2018-07-05,etc.freebuf.info
xmr.crypto-pool.fr,163.172.226.137,2018-07-31,mro.51btc.mobi
xmr.crypto-pool.fr,195.154.62.247,2018-05-02,monero.crypto-pool.fr
xmr.crypto-pool.fr,163.172.226.194,2016-10-03,neofighters.info
erebor.dwarfpool.com,94.23.55.211,2016-07-14,m1.btcw.us
erebor.dwarfpool.com,94.23.55.211,2017-02-16,seeds.moneroseeds.ae.org
erebor.dwarfpool.com,94.23.55.211,2016-05-20,seeds.moneroseeds.ch
erebor.dwarfpool.com,94.23.55.211,2016-05-20,seeds.moneroseeds.li
erebor.dwarfpool.com,94.23.55.211,2016-02-29,seeds.moneroseeds.se
xmr-eu.dwarfpool.com,79.137.57.106,2018-06-07,ip106.ip-79-137-57.eu
xmr-eu.dwarfpool.com,178.32.196.217,2018-03-22,xmr.kryptex.org
xmr-eu.dwarfpool.com,178.32.196.217,2018-06-07,ip217.ip-178-32-196.eu
xmr-eu.dwarfpool.com,178.32.145.31,2016-02-14,64my.com
xmr-eu.dwarfpool.com,178.32.145.31,2016-01-30,915my.com
xmr-eu.dwarfpool.com,178.32.145.31,2016-01-12,turkhackteam.org
xmr-eu.dwarfpool.com,178.32.145.31,2016-01-29,www.915my.com
xmr-eu.dwarfpool.com,178.32.145.31,2016-01-12,www.turkhackteam.org
xmr-usa.dwarfpool.com,66.70.234.210,2018-01-19,ip210.ip-66-70-234.net
moria.dwarfpool.com,94.23.55.211,2016-07-14,m1.btcw.us
moria.dwarfpool.com,94.23.55.211,2017-02-16,seeds.moneroseeds.ae.org
moria.dwarfpool.com,94.23.55.211,2016-05-20,seeds.moneroseeds.ch
moria.dwarfpool.com,94.23.55.211,2016-05-20,seeds.moneroseeds.li
moria.dwarfpool.com,94.23.55.211,2016-02-29,seeds.moneroseeds.se
fr.minexmr.com,37.187.154.79,2015-04-29,adlooxtracking.com
fr.minexmr.com,37.187.154.79,2014-11-14,data01.adlooxtracking.com
fr.minexmr.com,37.187.154.79,2015-04-28,data02.adlooxtracking.com
fr.minexmr.com,37.187.154.79,2015-04-20,data03.adlooxtracking.com
fr.minexmr.com,37.187.154.79,2014-11-26,data06.adlooxtracking.com
fr.minexmr.com,37.187.154.79,2014-08-07,data124.adlooxtracking.com
fr.minexmr.com,37.187.154.79,2015-02-27,data32.adlooxtracking.com
fr.minexmr.com,37.187.154.79,2017-12-05,lmine.super1024.com
fr.minexmr.com,37.187.154.79,2018-06-25,emergency.kiss58.org
fr.minexmr.com,46.105.103.169,2014-03-07,adgoog.com
fr.minexmr.com,46.105.103.169,2014-03-11,byd.fr
fr.minexmr.com,46.105.103.169,2015-12-08,idfauto.com
fr.minexmr.com,46.105.103.169,2014-10-15,mail.adgoog.com
fr.minexmr.com,46.105.103.169,2016-03-09,mail.idfauto.com
fr.minexmr.com,46.105.103.169,2016-03-09,mail.miseauto.com
fr.minexmr.com,46.105.103.169,2016-03-09,mail.rover.fr
fr.minexmr.com,46.105.103.169,2016-03-09,mail.sci-saga.com
fr.minexmr.com,46.105.103.169,2016-03-09,mail.thekingdiscount.com
fr.minexmr.com,46.105.103.169,2015-12-21,miseauto.com
fr.minexmr.com,46.105.103.169,2014-11-25,pierredarmon-historien.com
fr.minexmr.com,46.105.103.169,2016-03-09,pop3.idfauto.com
fr.minexmr.com,46.105.103.169,2016-03-09,pop3.miseauto.com
fr.minexmr.com,46.105.103.169,2016-03-09,pop3.rover.fr
fr.minexmr.com,46.105.103.169,2015-09-04,rover.fr
fr.minexmr.com,46.105.103.169,2016-04-14,sci-saga.com
fr.minexmr.com,46.105.103.169,2016-03-09,smtp.idfauto.com
fr.minexmr.com,46.105.103.169,2016-03-09,smtp.miseauto.com
fr.minexmr.com,46.105.103.169,2016-03-09,smtp.rover.fr
fr.minexmr.com,46.105.103.169,2016-04-14,thekingdiscount.com
fr.minexmr.com,46.105.103.169,2014-03-04,www.adgoog.com
fr.minexmr.com,46.105.103.169,2014-03-17,www.eurowebcar.com
fr.minexmr.com,46.105.103.169,2016-04-22,www.idfauto.com
fr.minexmr.com,46.105.103.169,2014-02-25,www.miseauto.com
fr.minexmr.com,46.105.103.169,2014-03-29,www.mises-aux-encheres.org
fr.minexmr.com,46.105.103.169,2014-03-17,www.rover.fr
fr.minexmr.com,46.105.103.169,2016-08-31,ns383264.ovh.net
fr.minexmr.com,46.105.103.169,2016-08-29,demonfire.cf
fr.minexmr.com,46.105.103.169,2016-08-23,nightmc.cf
fr.minexmr.com,46.105.103.169,2016-08-12,ns383264.ip-46-105-103.eu
fr.minexmr.com,46.105.103.169,2017-09-27,bcc.appel86.org
fr.minexmr.com,46.105.103.169,2018-06-15,xt.freebuf.info
fr.minexmr.com,46.105.103.169,2018-06-27,a.wxkuangji.com
fr.minexmr.com,46.105.103.169,2018-07-21,pool.usa-138.com
fr.minexmr.com,94.23.206.130,2015-03-15,pornvery.com
fr.minexmr.com,94.23.206.130,2015-12-25,www.lil7.com
fr.minexmr.com,94.23.206.130,2016-03-24,NS2.NEWOYUN.COM
fr.minexmr.com,94.23.206.130,2016-06-18,www.filmtw.com
fr.minexmr.com,94.23.206.130,2016-06-18,ns1.gamesre.com
fr.minexmr.com,94.23.206.130,2016-06-20,filmtw.com
fr.minexmr.com,94.23.206.130,2016-07-26,NS2.GAMESRE.COM
fr.minexmr.com,94.23.206.130,2016-07-27,www.newoyun.com
fr.minexmr.com,94.23.206.130,2016-08-15,habersaf.com
fr.minexmr.com,94.23.206.130,2016-09-30,RAYLINASANSOR.COM
fr.minexmr.com,94.23.206.130,2016-10-04,lil7.com
fr.minexmr.com,94.23.206.130,2016-10-09,gamesre.com
fr.minexmr.com,94.23.206.130,2016-10-11,misporn.com
fr.minexmr.com,94.23.206.130,2016-10-11,pornvevo.com
fr.minexmr.com,94.23.206.130,2016-10-12,pornripe.com
fr.minexmr.com,94.23.206.130,2016-10-22,yilmazasansor.net
fr.minexmr.com,94.23.206.130,2016-11-17,www.vevoporn.com
fr.minexmr.com,94.23.206.130,2016-11-20,vevoporn.com
fr.minexmr.com,94.23.206.130,2015-01-29,www.gamesre.com
fr.minexmr.com,94.23.206.130,2018-04-13,pool.minexmr.to
fr.minexmr.com,94.23.206.130,2018-06-04,thanks.kiss58.org
de.minexmr.com,78.46.89.102,2018-02-06,bulletpool.ru
de.minexmr.com,78.46.89.102,2018-04-21,lmine.super1024.com
de.minexmr.com,178.63.48.196,2018-02-06,bulletpool.ru
de.minexmr.com,178.63.48.196,2018-03-19,dpool.conectionapis.com
de.minexmr.com,178.63.48.196,2018-03-19,pool.minexmr.to
de.minexmr.com,78.46.91.134,2015-02-05,triathlon.de
de.minexmr.com,78.46.91.134,2014-08-04,aquaman.triathlon.de
de.minexmr.com,78.46.91.134,2017-11-29,dpool.conectionapis.com
de.minexmr.com,78.46.91.134,2017-12-16,liang.alibuf.com
de.minexmr.com,78.46.91.134,2015-11-25,screensaver.triathlon.de
de.minexmr.com,78.46.91.134,2014-08-07,shop.triathlon.de
de.minexmr.com,78.46.91.134,2015-11-25,sponsoring.triathlon.de
de.minexmr.com,78.46.91.134,2014-10-20,training.triathlon.de
de.minexmr.com,78.46.91.134,2017-12-16,typostats.com
de.minexmr.com,78.46.91.134,2015-04-01,typostats.de
de.minexmr.com,78.46.91.134,2015-05-13,www.typostats.com
de.minexmr.com,78.46.91.134,2015-04-01,www.typostats.de
de.minexmr.com,78.46.91.134,2018-02-06,bulletpool.ru
de.minexmr.com,78.46.91.134,2018-04-24,www.ddos168.com
de.minexmr.com,78.46.91.134,2018-06-15,xmr.opmoner.com
de.minexmr.com,78.46.91.134,2018-07-29,emergency.kiss58.org
sg.minexmr.com,139.99.120.50,2018-07-24,xmrf.fjhan.club
pool.minexmr.com,N/A,2018-08-09,a.santananb.info 
pool.minexmr.com,N/A,2018-08-09,b.santananb.info 
pool.minexmr.com,N/A,2018-08-09,gla.freebuf.info 
pool.minexmr.com,N/A,2018-08-09,gle.freebuf.info 
pool.minexmr.com,N/A,2018-08-09,r0cAv.com 
pool.minexmr.com,N/A,2018-08-09,wakuang.aimezi.com 
pool.minexmr.com,N/A,2018-08-09,xmr.freebuf.info 
pool.supportxmr.com,N/A,2018-08-09,xmrv7.sfwewtryhrerwewqretr.com 
pool.supportxmr.com,N/A,2018-08-09,xmrv7.weoqieqwuishdwuygqw.com 
mine.ppxxmr.com,N/A,2018-08-09,pools.alibuf.com 
mine.ppxxmr.com,N/A,2018-08-09,xmrmine.mine-pool.com 
xmr.crypto-pool.fr,N/A,2018-08-09,boy.demaxiya.info 
xmr.crypto-pool.fr,N/A,2018-08-09,boy.freebuf.info 
xmr.crypto-pool.fr,N/A,2018-08-09,pool.somec.cc 
xmr.crypto-pool.fr,N/A,2018-08-09,smss.somec.cc 
xmr.crypto-pool.fr,N/A,2018-08-09,xmr.51btc.mobi 
xmr.crypto-pool.fr,N/A,2018-08-09,xmr.somec.cc 
mine.xmrpool.net,N/A,2018-08-09,drill.moneroworld.com 
mine.xmrpool.net,N/A,2018-08-09,mine.moneroworld.com 
